{
  "project_info": {
    "project_number": "522987428134",
    "project_id": "taxi-booking-810bf",
    "storage_bucket": "taxi-booking-810bf.appspot.com"
  },
  "client": [
    {
      "client_info": {
        "mobilesdk_app_id": "1:522987428134:android:59ccef9a15861589e809e7",
        "android_client_info": {
          "package_name": "com.mighty.delivery"
        }
      },
      "oauth_client": [
        {
          "client_id": "522987428134-aq4d1ei9571vouqqovja59uj5hqi9bho.apps.googleusercontent.com",
          "client_type": 3
        }
      ],
      "api_key": [
        {
          "current_key": "AIzaSyBa17jfZtkv8Cmno-jECWVBKs5FYdrjq2U"
        }
      ],
      "services": {
        "appinvite_service": {
          "other_platform_oauth_client": [
            {
              "client_id": "522987428134-aq4d1ei9571vouqqovja59uj5hqi9bho.apps.googleusercontent.com",
              "client_type": 3
            },
            {
              "client_id": "522987428134-atlmgus8koagd8j2l4oko4fdnouhjb82.apps.googleusercontent.com",
              "client_type": 2,
              "ios_info": {
                "bundle_id": "com.mighty.taxidriver1"
              }
            }
          ]
        }
      }
    },
    {
      "client_info": {
        "mobilesdk_app_id": "1:522987428134:android:30da69f61ec15bcde809e7",
        "android_client_info": {
          "package_name": "com.mighty.taxidriver"
        }
      },
      "oauth_client": [
        {
          "client_id": "522987428134-f8tfnoahmg0cqlnt5srbgppvkelhcs2h.apps.googleusercontent.com",
          "client_type": 1,
          "android_info": {
            "package_name": "com.mighty.taxidriver",
            "certificate_hash": "f375d5f9bbc5d5ef3f484a2c87669d7ad814ae59"
          }
        },
        {
          "client_id": "522987428134-l2mm0oolrgqghteilucqvb5nmospe0uf.apps.googleusercontent.com",
          "client_type": 1,
          "android_info": {
            "package_name": "com.mighty.taxidriver",
            "certificate_hash": "516ff31c777873a0ef93688ba4a1c161bd861d94"
          }
        },
        {
          "client_id": "522987428134-aq4d1ei9571vouqqovja59uj5hqi9bho.apps.googleusercontent.com",
          "client_type": 3
        }
      ],
      "api_key": [
        {
          "current_key": "AIzaSyBa17jfZtkv8Cmno-jECWVBKs5FYdrjq2U"
        }
      ],
      "services": {
        "appinvite_service": {
          "other_platform_oauth_client": [
            {
              "client_id": "522987428134-aq4d1ei9571vouqqovja59uj5hqi9bho.apps.googleusercontent.com",
              "client_type": 3
            },
            {
              "client_id": "522987428134-atlmgus8koagd8j2l4oko4fdnouhjb82.apps.googleusercontent.com",
              "client_type": 2,
              "ios_info": {
                "bundle_id": "com.mighty.taxidriver1"
              }
            }
          ]
        }
      }
    },
    {
      "client_info": {
        "mobilesdk_app_id": "1:522987428134:android:08fd5fbd52aa8928e809e7",
        "android_client_info": {
          "package_name": "com.mighty.taxirider"
        }
      },
      "oauth_client": [
        {
          "client_id": "522987428134-h3uhk1qfvlh2a1gr57kr2b11utis32nd.apps.googleusercontent.com",
          "client_type": 1,
          "android_info": {
            "package_name": "com.mighty.taxirider",
            "certificate_hash": "d465274c2be18f504356623523daaf0e89b83f0d"
          }
        },
        {
          "client_id": "522987428134-uk10t7dge2bjrrqmnbbvrf58up2704ua.apps.googleusercontent.com",
          "client_type": 1,
          "android_info": {
            "package_name": "com.mighty.taxirider",
            "certificate_hash": "a4deca8c2eb20e4ac473a4113c3c89676b490049"
          }
        },
        {
          "client_id": "522987428134-aq4d1ei9571vouqqovja59uj5hqi9bho.apps.googleusercontent.com",
          "client_type": 3
        }
      ],
      "api_key": [
        {
          "current_key": "AIzaSyBa17jfZtkv8Cmno-jECWVBKs5FYdrjq2U"
        }
      ],
      "services": {
        "appinvite_service": {
          "other_platform_oauth_client": [
            {
              "client_id": "522987428134-aq4d1ei9571vouqqovja59uj5hqi9bho.apps.googleusercontent.com",
              "client_type": 3
            },
            {
              "client_id": "522987428134-atlmgus8koagd8j2l4oko4fdnouhjb82.apps.googleusercontent.com",
              "client_type": 2,
              "ios_info": {
                "bundle_id": "com.mighty.taxidriver1"
              }
            }
          ]
        }
      }
    }
  ],
  "configuration_version": "1"
}