{"v":"5.9.0","fr":25,"ip":0,"op":38,"w":40,"h":40,"nm":"network","ddd":0,"assets":[],"layers":[{"ddd":0,"ind":1,"ty":4,"nm":"Layer 1 Outlines - Group 4","sr":1,"ks":{"o":{"a":1,"k":[{"i":{"x":[0.833],"y":[0.833]},"o":{"x":[0.167],"y":[0.167]},"t":9,"s":[0]},{"i":{"x":[0.833],"y":[0.833]},"o":{"x":[0.167],"y":[0.167]},"t":17.333,"s":[100]},{"i":{"x":[0.833],"y":[0.833]},"o":{"x":[0.167],"y":[0.167]},"t":24.789,"s":[100]},{"t":34,"s":[0]}],"ix":11},"r":{"a":0,"k":0,"ix":10},"p":{"a":0,"k":[33.19,14.592,0],"ix":2,"l":2},"a":{"a":0,"k":[31.19,10.342,0],"ix":1,"l":2},"s":{"a":0,"k":[100,100,100],"ix":6,"l":2}},"ao":0,"shapes":[{"ty":"gr","it":[{"ind":0,"ty":"sh","ix":1,"ks":{"a":0,"k":{"i":[[0.092,0],[0,0],[0.066,0.068],[0,0.092],[-0.068,0.066],[0,2.953],[2.121,2.061],[-0.135,0.139],[-0.095,0.001],[-0.002,0],[-0.066,-0.065],[0,-3.146],[2.26,-2.196]],"o":[[0,0],[-0.095,-0.001],[-0.064,-0.065],[0,-0.096],[2.121,-2.062],[0,-2.954],[-0.139,-0.135],[0.066,-0.068],[0.002,0],[0.092,0],[2.26,2.195],[0,3.145],[-0.066,0.064]],"v":[[-1.631,8.381],[-1.636,8.381],[-1.885,8.274],[-1.984,8.03],[-1.877,7.778],[1.413,0],[-1.877,-7.776],[-1.885,-8.274],[-1.636,-8.381],[-1.631,-8.381],[-1.386,-8.281],[2.117,0],[-1.386,8.283]],"c":true},"ix":2},"nm":"Path 1","mn":"ADBE Vector Shape - Group","hd":false},{"ind":1,"ty":"sh","ix":2,"ks":{"a":0,"k":{"i":[[0.353,0.005],[0.247,-0.254],[-0.524,-0.51],[0,-2.689],[1.931,-1.876],[0,-0.361],[-0.241,-0.248],[-0.353,-0.005],[0,0],[-0.25,0.241],[0,3.41],[2.449,2.38]],"o":[[-0.353,0.006],[-0.508,0.523],[1.932,1.877],[0,2.688],[-0.26,0.252],[0,0.347],[0.247,0.254],[0,0],[0.347,0],[2.449,-2.381],[0,-3.411],[-0.255,-0.247]],"v":[[-1.651,-9.354],[-2.582,-8.953],[-2.555,-7.079],[0.441,0],[-2.554,7.079],[-2.956,8.03],[-2.582,8.953],[-1.651,9.354],[-1.631,9.354],[-0.707,8.98],[3.091,0],[-0.707,-8.979]],"c":true},"ix":2},"nm":"Path 2","mn":"ADBE Vector Shape - Group","hd":false},{"ty":"mm","mm":1,"nm":"Merge Paths 1","mn":"ADBE Vector Filter - Merge","hd":false},{"ty":"fl","c":{"a":0,"k":[0.152941176471,0.145098039216,0.145098039216,1],"ix":4},"o":{"a":0,"k":100,"ix":5},"r":1,"bm":0,"nm":"Fill 1","mn":"ADBE Vector Graphic - Fill","hd":false},{"ty":"tr","p":{"a":0,"k":[31.123,10.342],"ix":2},"a":{"a":0,"k":[0,0],"ix":1},"s":{"a":0,"k":[100,100],"ix":3},"r":{"a":0,"k":0,"ix":6},"o":{"a":0,"k":100,"ix":7},"sk":{"a":0,"k":0,"ix":4},"sa":{"a":0,"k":0,"ix":5},"nm":"Transform"}],"nm":"Group 4","np":4,"cix":2,"bm":0,"ix":1,"mn":"ADBE Vector Group","hd":false}],"ip":9,"op":36,"st":9,"bm":0},{"ddd":0,"ind":2,"ty":4,"nm":"Layer 1 Outlines - Group 2","sr":1,"ks":{"o":{"a":1,"k":[{"i":{"x":[0.833],"y":[0.833]},"o":{"x":[0.167],"y":[0.167]},"t":9,"s":[0]},{"i":{"x":[0.833],"y":[0.833]},"o":{"x":[0.167],"y":[0.167]},"t":17.333,"s":[100]},{"i":{"x":[0.833],"y":[0.833]},"o":{"x":[0.167],"y":[0.167]},"t":24.789,"s":[100]},{"t":34,"s":[0]}],"ix":11},"r":{"a":0,"k":0,"ix":10},"p":{"a":0,"k":[5.809,14.593,0],"ix":2,"l":2},"a":{"a":0,"k":[3.809,10.343,0],"ix":1,"l":2},"s":{"a":0,"k":[100,100,100],"ix":6,"l":2}},"ao":0,"shapes":[{"ty":"gr","it":[{"ind":0,"ty":"sh","ix":1,"ks":{"a":0,"k":{"i":[[-0.089,0],[-0.069,-0.071],[0.139,-0.135],[0,-2.953],[-2.121,-2.061],[0,-0.097],[0.064,-0.066],[0.14,0.135],[0,3.146],[-2.259,2.194]],"o":[[0.092,0],[0.135,0.139],[-2.121,2.062],[0,2.954],[0.068,0.067],[0,0.092],[-0.135,0.139],[-2.259,-2.196],[0,-3.145],[0.069,-0.067]],"v":[[1.632,-8.314],[1.885,-8.207],[1.877,-7.71],[-1.413,0.067],[1.877,7.844],[1.984,8.097],[1.885,8.342],[1.385,8.35],[-2.117,0.067],[1.385,-8.214]],"c":true},"ix":2},"nm":"Path 1","mn":"ADBE Vector Shape - Group","hd":false},{"ind":1,"ty":"sh","ix":2,"ks":{"a":0,"k":{"i":[[-0.333,0],[-0.26,0.267],[0,0.346],[0.26,0.252],[0,2.689],[-1.931,1.877],[0.508,0.523],[0.524,-0.508],[0,-3.41],[-2.449,-2.38]],"o":[[0.346,0],[0.241,-0.248],[0,-0.362],[-1.931,-1.876],[0,-2.688],[0.525,-0.51],[-0.51,-0.524],[-2.449,2.381],[0,3.411],[0.257,0.25]],"v":[[1.632,9.421],[2.582,9.02],[2.956,8.097],[2.554,7.146],[-0.441,0.067],[2.554,-7.012],[2.582,-8.885],[0.707,-8.913],[-3.091,0.067],[0.707,9.047]],"c":true},"ix":2},"nm":"Path 2","mn":"ADBE Vector Shape - Group","hd":false},{"ty":"mm","mm":1,"nm":"Merge Paths 1","mn":"ADBE Vector Filter - Merge","hd":false},{"ty":"fl","c":{"a":0,"k":[0.152941176471,0.145098039216,0.145098039216,1],"ix":4},"o":{"a":0,"k":100,"ix":5},"r":1,"bm":0,"nm":"Fill 1","mn":"ADBE Vector Graphic - Fill","hd":false},{"ty":"tr","p":{"a":0,"k":[3.876,10.275],"ix":2},"a":{"a":0,"k":[0,0],"ix":1},"s":{"a":0,"k":[100,100],"ix":3},"r":{"a":0,"k":0,"ix":6},"o":{"a":0,"k":100,"ix":7},"sk":{"a":0,"k":0,"ix":4},"sa":{"a":0,"k":0,"ix":5},"nm":"Transform"}],"nm":"Group 2","np":4,"cix":2,"bm":0,"ix":1,"mn":"ADBE Vector Group","hd":false}],"ip":9,"op":36,"st":9,"bm":0},{"ddd":0,"ind":3,"ty":4,"nm":"Layer 1 Outlines - Group 1","sr":1,"ks":{"o":{"a":1,"k":[{"i":{"x":[0.833],"y":[0.833]},"o":{"x":[0.167],"y":[0.167]},"t":0,"s":[0]},{"i":{"x":[0.833],"y":[0.833]},"o":{"x":[0.167],"y":[0.167]},"t":8.333,"s":[100]},{"i":{"x":[0.833],"y":[0.833]},"o":{"x":[0.167],"y":[0.167]},"t":15.789,"s":[100]},{"t":25,"s":[0]}],"ix":11},"r":{"a":0,"k":0,"ix":10},"p":{"a":0,"k":[11.367,14.592,0],"ix":2,"l":2},"a":{"a":0,"k":[9.367,10.342,0],"ix":1,"l":2},"s":{"a":0,"k":[100,100,100],"ix":6,"l":2}},"ao":0,"shapes":[{"ty":"gr","it":[{"ind":0,"ty":"sh","ix":1,"ks":{"a":0,"k":{"i":[[-0.091,0],[0,0],[-0.065,-0.068],[0.001,-0.094],[0.069,-0.065],[0,-1.843],[-1.336,-1.277],[0,-0.098],[0.063,-0.065],[0.094,-0.003],[0.068,0.065],[0,2.037],[-1.476,1.41]],"o":[[0,0],[0.094,0.002],[0.065,0.068],[-0.003,0.094],[-1.335,1.276],[0,1.843],[0.07,0.067],[0,0.09],[-0.065,0.069],[-0.092,0.001],[-1.476,-1.41],[0,-2.037],[0.066,-0.063]],"v":[[1.086,-5.439],[1.094,-5.439],[1.341,-5.329],[1.438,-5.078],[1.329,-4.831],[-0.741,0.005],[1.33,4.842],[1.438,5.096],[1.341,5.339],[1.094,5.448],[0.843,5.35],[-1.446,0.005],[0.843,-5.342]],"c":true},"ix":2},"nm":"Path 1","mn":"ADBE Vector Shape - Group","hd":false},{"ind":1,"ty":"sh","ix":2,"ks":{"a":0,"k":{"i":[[-1.67,-1.595],[-0.342,0],[0,0],[-0.244,0.255],[0,0.342],[0.26,0.249],[0,1.575],[-1.142,1.09],[-0.008,0.353],[0.245,0.256],[0.354,0.008],[0.255,-0.245],[0,-2.305]],"o":[[0.248,0.237],[0,0],[0.353,-0.008],[0.237,-0.248],[0,-0.361],[-1.142,-1.09],[0,-1.575],[0.255,-0.245],[0.008,-0.354],[-0.244,-0.256],[-0.355,-0.01],[-1.67,1.594],[0,2.306]],"v":[[0.171,6.053],[1.084,6.421],[1.117,6.421],[2.043,6.011],[2.411,5.096],[2.001,4.137],[0.232,0.005],[2.001,-4.128],[2.411,-5.055],[2.043,-6.002],[1.116,-6.41],[0.171,-6.044],[-2.418,0.005]],"c":true},"ix":2},"nm":"Path 2","mn":"ADBE Vector Shape - Group","hd":false},{"ty":"mm","mm":1,"nm":"Merge Paths 1","mn":"ADBE Vector Filter - Merge","hd":false},{"ty":"fl","c":{"a":0,"k":[0.152941176471,0.145098039216,0.145098039216,1],"ix":4},"o":{"a":0,"k":100,"ix":5},"r":1,"bm":0,"nm":"Fill 1","mn":"ADBE Vector Graphic - Fill","hd":false},{"ty":"tr","p":{"a":0,"k":[9.371,10.338],"ix":2},"a":{"a":0,"k":[0,0],"ix":1},"s":{"a":0,"k":[100,100],"ix":3},"r":{"a":0,"k":0,"ix":6},"o":{"a":0,"k":100,"ix":7},"sk":{"a":0,"k":0,"ix":4},"sa":{"a":0,"k":0,"ix":5},"nm":"Transform"}],"nm":"Group 1","np":4,"cix":2,"bm":0,"ix":1,"mn":"ADBE Vector Group","hd":false}],"ip":0,"op":27,"st":0,"bm":0},{"ddd":0,"ind":4,"ty":4,"nm":"Layer 1 Outlines - Group 3","sr":1,"ks":{"o":{"a":1,"k":[{"i":{"x":[0.833],"y":[0.833]},"o":{"x":[0.167],"y":[0.167]},"t":0,"s":[0]},{"i":{"x":[0.833],"y":[0.833]},"o":{"x":[0.167],"y":[0.167]},"t":8.333,"s":[100]},{"i":{"x":[0.833],"y":[0.833]},"o":{"x":[0.167],"y":[0.167]},"t":15.789,"s":[100]},{"t":25,"s":[0]}],"ix":11},"r":{"a":0,"k":0,"ix":10},"p":{"a":0,"k":[27.632,14.593,0],"ix":2,"l":2},"a":{"a":0,"k":[25.632,10.343,0],"ix":1,"l":2},"s":{"a":0,"k":[100,100,100],"ix":6,"l":2}},"ao":0,"shapes":[{"ty":"gr","it":[{"ind":0,"ty":"sh","ix":1,"ks":{"a":0,"k":{"i":[[-0.07,0.067],[0,1.842],[1.335,1.276],[0.003,0.093],[-0.066,0.068],[-0.094,0.003],[0,0],[-0.067,-0.064],[0,-2.038],[1.476,-1.41],[0.1,0.003],[0.064,0.068],[0,0.091]],"o":[[1.335,-1.276],[0,-1.844],[-0.068,-0.065],[-0.002,-0.095],[0.065,-0.068],[0,0],[0.09,0],[1.475,1.41],[0,2.037],[-0.067,0.066],[-0.094,-0.003],[-0.063,-0.066],[0,-0.098]],"v":[[-1.329,4.84],[0.741,0.004],[-1.329,-4.833],[-1.438,-5.079],[-1.34,-5.331],[-1.094,-5.44],[-1.085,-5.44],[-0.842,-5.342],[1.446,0.004],[-0.843,5.349],[-1.094,5.447],[-1.34,5.338],[-1.438,5.095]],"c":true},"ix":2},"nm":"Path 1","mn":"ADBE Vector Shape - Group","hd":false},{"ind":1,"ty":"sh","ix":2,"ks":{"a":0,"k":{"i":[[0,-0.361],[-0.237,-0.248],[-0.354,-0.009],[0,0],[-0.248,0.238],[0,2.305],[1.669,1.594],[0.353,-0.008],[0.245,-0.256],[-0.007,-0.354],[-0.256,-0.245],[0,-1.575],[1.141,-1.09]],"o":[[0,0.343],[0.245,0.255],[0,0],[0.342,0],[1.669,-1.595],[0,-2.306],[-0.256,-0.245],[-0.354,0.008],[-0.244,0.256],[0.008,0.354],[1.141,1.09],[0,1.574],[-0.261,0.248]],"v":[[-2.411,5.095],[-2.044,6.01],[-1.116,6.42],[-1.085,6.42],[-0.17,6.052],[2.418,0.004],[-0.17,-6.045],[-1.116,-6.412],[-2.044,-6.003],[-2.411,-5.057],[-2.001,-4.129],[-0.232,0.004],[-2.001,4.136]],"c":true},"ix":2},"nm":"Path 2","mn":"ADBE Vector Shape - Group","hd":false},{"ty":"mm","mm":1,"nm":"Merge Paths 1","mn":"ADBE Vector Filter - Merge","hd":false},{"ty":"fl","c":{"a":0,"k":[0.152941176471,0.145098039216,0.145098039216,1],"ix":4},"o":{"a":0,"k":100,"ix":5},"r":1,"bm":0,"nm":"Fill 1","mn":"ADBE Vector Graphic - Fill","hd":false},{"ty":"tr","p":{"a":0,"k":[25.628,10.339],"ix":2},"a":{"a":0,"k":[0,0],"ix":1},"s":{"a":0,"k":[100,100],"ix":3},"r":{"a":0,"k":0,"ix":6},"o":{"a":0,"k":100,"ix":7},"sk":{"a":0,"k":0,"ix":4},"sa":{"a":0,"k":0,"ix":5},"nm":"Transform"}],"nm":"Group 3","np":4,"cix":2,"bm":0,"ix":1,"mn":"ADBE Vector Group","hd":false}],"ip":0,"op":27,"st":0,"bm":0},{"ddd":0,"ind":5,"ty":4,"nm":"Layer 1 Outlines - Group 5","sr":1,"ks":{"o":{"a":0,"k":100,"ix":11},"r":{"a":0,"k":0,"ix":10},"p":{"a":0,"k":[19.486,23.589,0],"ix":2,"l":2},"a":{"a":0,"k":[17.486,19.339,0],"ix":1,"l":2},"s":{"a":0,"k":[100,100,100],"ix":6,"l":2}},"ao":0,"shapes":[{"ty":"gr","it":[{"ind":0,"ty":"sh","ix":1,"ks":{"a":0,"k":{"i":[[-1.46,0],[0,-1.46],[1.46,0],[0,1.461]],"o":[[1.46,0],[0,1.461],[-1.46,0],[0,-1.46]],"v":[[0,-11.457],[2.649,-8.809],[0,-6.16],[-2.648,-8.809]],"c":true},"ix":2},"nm":"Path 1","mn":"ADBE Vector Shape - Group","hd":false},{"ind":1,"ty":"sh","ix":2,"ks":{"a":0,"k":{"i":[[0,0],[0,0],[-0.471,0],[-0.418,0.154],[0,0]],"o":[[0,0],[0.417,0.154],[0.471,0],[0,0],[0,0]],"v":[[-1.337,11.458],[-1.337,-5.187],[0,-4.944],[1.338,-5.187],[1.338,11.458]],"c":true},"ix":2},"nm":"Path 2","mn":"ADBE Vector Shape - Group","hd":false},{"ind":2,"ty":"sh","ix":3,"ks":{"a":0,"k":{"i":[[0,0],[0,1.152],[2.131,0],[0,-2.13],[-0.801,-0.709],[0,0],[-0.336,0],[0,0],[0,0.336]],"o":[[0.802,-0.709],[0,-2.13],[-2.131,0],[0,1.152],[0,0],[0,0.336],[0,0],[0.335,0],[0,0]],"v":[[2.553,-5.915],[3.864,-8.809],[0,-12.673],[-3.864,-8.809],[-2.554,-5.915],[-2.554,12.065],[-1.945,12.673],[1.946,12.673],[2.553,12.065]],"c":true},"ix":2},"nm":"Path 3","mn":"ADBE Vector Shape - Group","hd":false},{"ty":"mm","mm":1,"nm":"Merge Paths 1","mn":"ADBE Vector Filter - Merge","hd":false},{"ty":"fl","c":{"a":0,"k":[0.152941176471,0.145098039216,0.145098039216,1],"ix":4},"o":{"a":0,"k":100,"ix":5},"r":1,"bm":0,"nm":"Fill 1","mn":"ADBE Vector Graphic - Fill","hd":false},{"ty":"tr","p":{"a":0,"k":[17.486,19.339],"ix":2},"a":{"a":0,"k":[0,0],"ix":1},"s":{"a":0,"k":[100,100],"ix":3},"r":{"a":0,"k":0,"ix":6},"o":{"a":0,"k":100,"ix":7},"sk":{"a":0,"k":0,"ix":4},"sa":{"a":0,"k":0,"ix":5},"nm":"Transform"}],"nm":"Group 5","np":5,"cix":2,"bm":0,"ix":1,"mn":"ADBE Vector Group","hd":false}],"ip":0,"op":3951,"st":0,"bm":0}],"markers":[]}